Ticker,ISIN,Name
ENX FP Equity,NL0006294274,Euronext NV
PSPN SE Equity,CH0018294154,PSP Swiss Property AG
BOL SS Equity,SE0020050417,Boliden AB
SOI FP Equity,FR0013227113,SOITEC
URW FP Equity,FR0013326246,Unibail-Rodamco-Westfield
WIE AV Equity,AT0000831706,Wienerberger AG
INPST NA Equity,LU2290522684,InPost SA
KPN NA Equity,NL0000009082,Koninklijke KPN NV
NEM GY Equity,DE0006452907,Nemetschek SE
CARLB DC Equity,DK0010181759,Carlsberg AS
GETIB SS Equity,SE0000202624,Getinge AB
RIO LN Equity,GB0007188757,Rio Tinto PLC
MOWI NO Equity,NO0003054108,Mowi ASA
BC IM Equity,IT0004764699,Brunello Cucinelli SpA
AGN NA Equity,BMG0112X1056,Aegon Ltd
AAL LN Equity,GB00B1XZS820,Anglo American PLC
AMUN FP Equity,FR0004125920,Amundi SA
PKN PW Equity,PLPKN0000018,ORLEN SA
SPSN SE Equity,CH0008038389,Swiss Prime Site AG
AFX GY Equity,DE0005313704,Carl Zeiss Meditec AG
SPIE FP Equity,FR0012757854,SPIE SA
ACKB BB Equity,BE0003764785,Ackermans & van Haaren NV
ELE SQ Equity,ES0130670112,Endesa SA
PHIA NA Equity,NL0000009538,Koninklijke Philips NV
GJF NO Equity,NO0010582521,Gjensidige Forsikring ASA
UTG LN Equity,GB0006928617,UNITE Group PLC/The
HPOLB SS Equity,SE0007074281,Hexpol AB
PZU PW Equity,PLPZU0000011,Powszechny Zaklad Ubezpieczen SA
REP SQ Equity,ES0173516115,Repsol SA
ATE FP Equity,FR0000071946,Alten SA
TEF SQ Equity,ES0178430E18,Telefonica SA
ITRK LN Equity,GB0031638363,Intertek Group PLC
TTE FP Equity,FR0000120271,TotalEnergies SE
ALLN SE Equity,CH0008837566,Allreal Holding AG
EMG LN Equity,JE00BJ1DLW90,Man Group PLC/Jersey
AI FP Equity,FR0000120073,Air Liquide SA
BC8 GY Equity,DE0005158703,Bechtle AG
CS FP Equity,FR0000120628,AXA SA
BNP FP Equity,FR0000131104,BNP Paribas SA
BN FP Equity,FR0000120644,Danone SA
HL/ LN Equity,GB00B1VZ0M25,Hargreaves Lansdown PLC
CAP FP Equity,FR0000125338,Capgemini SE
FNOX SS Equity,SE0017161243,Fortnox AB
CA FP Equity,FR0000120172,Carrefour SA
SGO FP Equity,FR0000125007,Cie de Saint-Gobain SA
TECN SE Equity,CH0012100191,Tecan Group AG
EL FP Equity,FR0000121667,EssilorLuxottica SA
LSEG LN Equity,GB00B0SWJX34,London Stock Exchange Group PLC
WDP BB Equity,BE0974349814,Warehouses De Pauw CVA
FGR FP Equity,FR0000130452,Eiffage SA
EXPN LN Equity,GB00B19NLV48,Experian PLC
AZE BB Equity,BE0974400328,Azelis Group NV
BME LN Equity,LU1072616219,B&M European Value Retail SA
GFC FP Equity,FR0010040865,Gecina SA
INW IM Equity,IT0005090300,Infrastrutture Wireless Italiane SpA
LPP PW Equity,PLLPP0000011,LPP SA
LI FP Equity,FR0000121964,Klepierre SA
EVT GY Equity,DE0005664809,Evotec SE
MF FP Equity,FR0000121204,Wendel SE
NEX FP Equity,FR0000044448,Nexans SA
SCR FP Equity,FR0010411983,SCOR SE
CDR PW Equity,PLOPTTC00011,CD Projekt SA
RF FP Equity,FR0000121121,Eurazeo SE
SAF FP Equity,FR0000073272,Safran SA
HO FP Equity,FR0000121329,Thales SA
SHELL NA Equity,GB00BP6MXD84,Shell PLC
VK FP Equity,FR0013506730,Vallourec SACA
KYGA ID Equity,IE0004906560,Kerry Group PLC
EVD GY Equity,DE0005470306,CTS Eventim AG & Co KGaA
AD NA Equity,NL0011794037,Koninklijke Ahold Delhaize NV
INVP LN Equity,GB00B17BBQ50,Investec PLC
UCG IM Equity,IT0005239360,UniCredit SpA
MB IM Equity,IT0000062957,Mediobanca Banca di Credito Finanziario SpA
SY1 GY Equity,DE000SYM9999,Symrise AG
AUTO LN Equity,GB00BVYVFW23,Auto Trader Group PLC
G IM Equity,IT0000062072,Assicurazioni Generali SpA
SQN SE Equity,CH0010675863,Swissquote Group Holding SA
SOF BB Equity,BE0003717312,Sofina SA
IP IM Equity,IT0001078911,Interpump Group SpA
MTX GY Equity,DE000A0D9PT0,MTU Aero Engines AG
KBC BB Equity,BE0003565737,KBC Group NV
YAR NO Equity,NO0010208051,Yara International ASA
INGA NA Equity,NL0011821202,ING Groep NV
G1A GY Equity,DE0006602006,GEA Group AG
ULVR LN Equity,GB00B10RZP78,Unilever PLC
THULE SS Equity,SE0006422390,Thule Group AB
ACLN SE Equity,CH1169360919,Accelleron Industries AG
HEIO NA Equity,NL0000008977,Heineken Holding NV
RAND NA Equity,NL0000379121,Randstad NV
IFCN SE Equity,CH0011029946,Inficon Holding AG
REY IM Equity,IT0005282865,Reply SpA
VER AV Equity,AT0000746409,Verbund AG
AGS BB Equity,BE0974264930,Ageas SA/NV
ORSTED DC Equity,DK0060094928,Orsted AS
VMUK LN Equity,GB00BD6GN030,Virgin Money UK PLC
SOBI SS Equity,SE0000872095,Swedish Orphan Biovitrum AB
ANA SQ Equity,ES0125220311,Acciona SA
GBLB BB Equity,BE0003797140,Groupe Bruxelles Lambert NV
P911 GY Equity,DE000PAG9113,Dr Ing hc F Porsche AG
SAFE LN Equity,GB00B1N7Z094,Safestore Holdings PLC
EPIA SS Equity,SE0015658109,Epiroc AB
KESKOB FH Equity,FI0009000202,Kesko Oyj
ZEAL DC Equity,DK0060257814,Zealand Pharma A/S
ACS SQ Equity,ES0167050915,ACS Actividades de Construccion y Servicios SA
AED BB Equity,BE0003851681,Aedifica SA
EBS AV Equity,AT0000652011,Erste Group Bank AG
JYSK DC Equity,DK0010307958,Jyske Bank A/S
SAMPO FH Equity,FI4000552500,Sampo Oyj
SKG ID Equity,IE00B1RR8406,Smurfit Kappa Group PLC
INDT SS Equity,SE0001515552,Indutrade AB
OCDO LN Equity,GB00B3MBS747,Ocado Group PLC
NTGY SQ Equity,ES0116870314,Naturgy Energy Group SA
ISP IM Equity,IT0000072618,Intesa Sanpaolo SpA
BEZ LN Equity,GB00BYQ0JC66,Beazley PLC
BOL FP Equity,FR0000039299,Bollore SE
SYDB DC Equity,DK0010311471,Sydbank AS
DSFIR NA Equity,CH1216478797,DSM-Firmenich AG
ENI IM Equity,IT0003132476,Eni SpA
ABN NA Equity,NL0011540547,ABN AMRO Bank NV
TRYG DC Equity,DK0060636678,Tryg A/S
ADP FP Equity,FR0010340141,Aeroports de Paris SA
ENGI FP Equity,FR0010208488,Engie SA
COV FP Equity,FR0000064578,Covivio SA/France
ORA FP Equity,FR0000133308,Orange SA
MRL SQ Equity,ES0105025003,Merlin Properties Socimi SA
SIGN SE Equity,CH0435377954,SIG Group AG
IG IM Equity,IT0005211237,Italgas SpA
VOE AV Equity,AT0000937503,voestalpine AG
AZM IM Equity,IT0003261697,Azimut Holding SpA
BOSS GY Equity,DE000A1PHFF7,HUGO BOSS AG
ABI BB Equity,BE0974293251,Anheuser-Busch InBev SA/NV
QIA GY Equity,NL0015001WM6,QIAGEN NV
STMMI IM Equity,NL0000226223,STMicroelectronics NV
BMPS IM Equity,IT0005508921,Banca Monte dei Paschi di Siena SpA
FBK IM Equity,IT0000072170,FinecoBank Banca Fineco SpA
EDP PL Equity,PTEDP0AM0009,EDP - Energias de Portugal SA
RED SQ Equity,ES0173093024,Redeia Corp SA
IPS FP Equity,FR0000073298,IPSOS SA
MT NA Equity,LU1598757687,ArcelorMittal SA
A2A IM Equity,IT0001233417,A2A SpA
FORTUM FH Equity,FI0009007132,Fortum Oyj
PST IM Equity,IT0003796171,Poste Italiane SpA
CPR IM Equity,NL0015435975,Davide Campari-Milano NV
BPE IM Equity,IT0000066123,BPER Banca SPA
VIE FP Equity,FR0000124141,Veolia Environnement SA
SAN FP Equity,FR0000120578,Sanofi SA
COTN SE Equity,CH0360826991,Comet Holding AG
GALP PL Equity,PTGAL0AM0009,Galp Energia SGPS SA
ENEL IM Equity,IT0003128367,Enel SpA
KOG NO Equity,NO0003043309,Kongsberg Gruppen ASA
BNR GY Equity,DE000A1DAHH0,Brenntag SE
ENG SQ Equity,ES0130960018,Enagas SA
TRN IM Equity,IT0003242622,Terna - Rete Elettrica Nazionale
TKWY NA Equity,NL0012015705,Just Eat Takeaway.com NV
IPN FP Equity,FR0010259150,Ipsen SA
IMCD NA Equity,NL0010801007,IMCD NV
SRG IM Equity,IT0003153415,Snam SpA
TEN IM Equity,LU2598331598,Tenaris SA
WLN FP Equity,FR0011981968,Worldline SA/France
IVG IM Equity,NL0015000LU4,Iveco Group NV
BIM FP Equity,FR0013280286,BioMerieux
RXL FP Equity,FR0010451203,Rexel SA
OCI NA Equity,NL0010558797,OCI NV
CABK SQ Equity,ES0140609019,CaixaBank SA
ELI BB Equity,BE0003822393,Elia Group SA/NV
EDPR PL Equity,ES0127797019,EDP Renovaveis SA
BIRG ID Equity,IE00BD1RP616,Bank of Ireland Group PLC
UNI IM Equity,IT0004810054,Unipol Gruppo SpA
AKRBP NO Equity,NO0010345853,Aker BP ASA
TUI LN Equity,DE000TUAG505,TUI AG
DNP PW Equity,PLDINPL00011,Dino Polska SA
AIBG ID Equity,IE00BF0L3536,AIB Group PLC
ADYEN NA Equity,NL0012969182,Adyen NV
ALLFG NA Equity,GB00BNTJ3546,Allfunds Group Plc
FNTN GY Equity,DE000A0Z2ZZ5,Freenet AG
EXO NA Equity,NL0012059018,EXOR NV
HER IM Equity,IT0001250932,Hera SpA
GXI GY Equity,DE000A0LD6E6,Gerresheimer AG
BEAN SE Equity,CH1101098163,Belimo Holding AG
ESSITYB SS Equity,SE0009922164,Essity AB
DHER GY Equity,DE000A2E4K43,Delivery Hero SE
PHNX LN Equity,GB00BGXQNP29,Phoenix Group Holdings PLC
ADDTB SS Equity,SE0014781795,AddTech AB
BAKKA NO Equity,FO0000000179,Bakkafrost P/F
VALMT FH Equity,FI4000074984,Valmet Oyj
DCC LN Equity,IE0002424939,DCC PLC
STJ LN Equity,GB0007669376,St James's Place PLC
EZJ LN Equity,GB00B7KR2P84,easyJet PLC
BKW SE Equity,CH0130293662,BKW AG
NIBEB SS Equity,SE0015988019,Nibe Industrier AB
AXFO SS Equity,SE0006993770,Axfood AB
KGX GY Equity,DE000KGX8881,KION Group AG
EVK GY Equity,DE000EVNK013,Evonik Industries AG
ERF FP Equity,FR0014000MR3,Eurofins Scientific SE
VID SQ Equity,ES0183746314,Vidrala SA
ALE PW Equity,LU2237380790,Allegro.eu SA
G24 GY Equity,DE000A12DM80,Scout24 SE
NEXI IM Equity,IT0005366767,Nexi SpA
GAW LN Equity,GB0003718474,Games Workshop Group PLC
AAK SS Equity,SE0011337708,AAK AB
CWK LN Equity,GB0002318888,Cranswick PLC
SHL GY Equity,DE000SHL1006,Siemens Healthineers AG
RILBA DC Equity,DK0060854669,Ringkjoebing Landbobank A/S
SPL PW Equity,PLBZ00000044,Santander Bank Polska SA
LOTB BB Equity,BE0003604155,Lotus Bakeries NV
SECTB SS Equity,SE0020539310,Sectra AB
ENT LN Equity,IM00B5VQMV65,Entain PLC
KOJAMO FH Equity,FI4000312251,Kojamo Oyj
SMWH LN Equity,GB00B2PDGW16,WH Smith PLC
EQT SS Equity,SE0012853455,EQT AB
VIS SQ Equity,ES0184262212,Viscofan SA
IMB LN Equity,GB0004544929,Imperial Brands PLC
BBOX LN Equity,GB00BG49KP99,Tritax Big Box REIT PLC
BARN SE Equity,CH0009002962,Barry Callebaut AG
STLAM IM Equity,NL00150001Q9,Stellantis NV
BATS LN Equity,GB0002875804,British American Tobacco PLC
VACN SE Equity,CH0311864901,VAT Group AG
VRLA FP Equity,FR0013447729,Verallia SA
EVO SS Equity,SE0012673267,Evolution AB
GTT FP Equity,FR0011726835,Gaztransport Et Technigaz SA
BVIC LN Equity,GB00B0N8QD54,Britvic PLC
REC IM Equity,IT0003828271,Recordati Industria Chimica e Farmaceutica SpA
AM FP Equity,FR0014004L86,Dassault Aviation SA
DIA IM Equity,IT0003492391,DiaSorin SpA
DNB NO Equity,NO0010161896,DNB Bank ASA
ALV GY Equity,DE0008404005,Allianz SE
RWE GY Equity,DE0007037129,RWE AG
BAYN GY Equity,DE000BAY0017,Bayer AG
BMW GY Equity,DE0005190003,Bayerische Motoren Werke AG
AMBUB DC Equity,DK0060946788,Ambu A/S
CBK GY Equity,DE000CBK1001,Commerzbank AG
DBK GY Equity,DE0005140008,Deutsche Bank AG
BAS GY Equity,DE000BASF111,BASF SE
HEN3 GY Equity,DE0006048432,Henkel AG & Co KGaA
LHA GY Equity,DE0008232125,Deutsche Lufthansa AG
SIE GY Equity,DE0007236101,Siemens AG
VOW3 GY Equity,DE0007664039,Volkswagen AG
EOAN GY Equity,DE000ENAG999,E.ON SE
BEI GY Equity,DE0005200000,Beiersdorf AG
HEI GY Equity,DE0006047004,Heidelberg Materials AG
SDF GY Equity,DE000KSAG888,K+S AG
MUV2 GY Equity,DE0008430026,Muenchener Rueckversicherungs-Gesellschaft AG in Muenchen
FRE GY Equity,DE0005785604,Fresenius SE & Co KGaA
SAP GY Equity,DE0007164600,SAP SE
MRK GY Equity,DE0006599905,Merck KGaA
DTG GY Equity,DE000DTR0CK8,Daimler Truck Holding AG
ADS GY Equity,DE000A1EWWW0,adidas AG
DTE GY Equity,DE0005557508,Deutsche Telekom AG
IBE SM Equity,ES0144580Y14,Iberdrola SA
DHL GY Equity,DE0005552004,DHL Group
SAGAB SS Equity,SE0005127818,Sagax AB
FME GY Equity,DE0005785802,Fresenius Medical Care AG
ZAL GY Equity,DE000ZAL1111,Zalando SE
MBG GY Equity,DE0007100000,Mercedes-Benz Group AG
TKA GY Equity,DE0007500001,thyssenkrupp AG
FER SQ Equity,NL0015001FS8,Ferrovial SE
IFX GY Equity,DE0006231004,Infineon Technologies AG
DB1 GY Equity,DE0005810055,Deutsche Boerse AG
SSPG LN Equity,GB00BGBN7C04,SSP Group Plc
HNR1 GY Equity,DE0008402215,Hannover Rueck SE
CON GY Equity,DE0005439004,Continental AG
LXS GY Equity,DE0005470405,LANXESS AG
BDEV LN Equity,GB0000811801,Barratt Developments PLC
BKG LN Equity,GB00BLJNXL82,Berkeley Group Holdings PLC
BG AV Equity,AT0000BAWAG2,BAWAG Group AG
BPSO IM Equity,IT0000784196,Banca Popolare di Sondrio SPA
INCH LN Equity,GB00B61TVQ02,Inchcape PLC
KGF LN Equity,GB0033195214,Kingfisher PLC
SALM NO Equity,NO0010310956,Salmar ASA
MKS LN Equity,GB0031274896,Marks & Spencer Group PLC
NXT LN Equity,GB0032089863,Next PLC
PSON LN Equity,GB0006776081,Pearson PLC
PSN LN Equity,GB0006825383,Persimmon PLC
REL LN Equity,GB00B2B0DG97,RELX PLC
TW/ LN Equity,GB0008782301,Taylor Wimpey PLC
ALC SE Equity,CH0432492467,Alcon Inc
WTB LN Equity,GB00B1KJJ408,Whitbread PLC
WPP LN Equity,JE00B8KF9B49,WPP PLC
AC FP Equity,FR0000120404,Accor SA
CDI FP Equity,FR0000130403,Christian Dior SE
VIV FP Equity,FR0000127771,Vivendi SE
FRVIA FP Equity,FR0000121147,Forvia SE
SN/ LN Equity,GB0009223206,Smith & Nephew PLC
MC FP Equity,FR0000121014,LVMH Moet Hennessy Louis Vuitton SE
ML FP Equity,FR001400AJ45,Cie Generale des Etablissements Michelin SCA
COLOB DC Equity,DK0060448595,Coloplast A/S
RACE IM Equity,NL0011585146,Ferrari NV
KER FP Equity,FR0000121485,Kering SA
PUB FP Equity,FR0000130577,Publicis Groupe SA
TOP DC Equity,DK0060477503,Topdanmark AS
RNO FP Equity,FR0000131906,Renault SA
SK FP Equity,FR0000121709,SEB SA
GN DC Equity,DK0010272632,GN Store Nord AS
ARCAD NA Equity,NL0006237562,Arcadis NV
SW FP Equity,FR0000121220,Sodexo SA
FR FP Equity,FR0013176526,Valeo SE
ELUXB SS Equity,SE0016589188,Electrolux AB
SWECB SS Equity,SE0014960373,Sweco AB
CTEC LN Equity,GB00BD3VFW73,ConvaTec Group PLC
WKL NA Equity,NL0000395903,Wolters Kluwer NV
PAH3 GY Equity,DE000PAH0038,Porsche Automobil Holding SE
EKTAB SS Equity,SE0000163628,Elekta AB
HMB SS Equity,SE0000106270,H & M Hennes & Mauritz AB
RHM GY Equity,DE0007030009,Rheinmetall AG
DEMANT DC Equity,DK0060738599,Demant A/S
TEP FP Equity,FR0000051807,Teleperformance SE
NG/ LN Equity,GB00BDR05C01,National Grid PLC
FRO NO Equity,CY0200352116,Frontline PLC
PUM GY Equity,DE0006969603,Puma SE
TELIA SS Equity,SE0000667925,Telia Co AB
RMS FP Equity,FR0000052292,Hermes International SCA
TEL NO Equity,NO0010063308,Telenor ASA
ELISA FH Equity,FI0009007884,Elisa Oyj
HUSQB SS Equity,SE0001662230,Husqvarna AB
INF LN Equity,GB00BMJ6DW54,Informa PLC
SESG FP Equity,LU0088087324,SES SA
GSK LN Equity,GB00BN7SWP63,GSK PLC
IHG LN Equity,GB00BHJYC057,InterContinental Hotels Group PLC
ADM LN Equity,GB00B02J6398,Admiral Group PLC
BRBY LN Equity,GB0031743007,Burberry Group PLC
ORNBV FH Equity,FI0009014377,Orion Oyj
CPG LN Equity,GB00BD6K4575,Compass Group PLC
SDZ SE Equity,CH1243598427,Sandoz Group AG
ITV LN Equity,GB0033986497,ITV PLC
HIK LN Equity,GB00B0LCW083,Hikma Pharmaceuticals PLC
AZN LN Equity,GB0009895292,AstraZeneca PLC
AHT LN Equity,GB0000536739,Ashtead Group PLC
ABF LN Equity,GB0006731235,Associated British Foods PLC
GLB ID Equity,IE0000669501,Glanbia PLC
RMV LN Equity,GB00BGDT3G23,Rightmove PLC
BBY LN Equity,GB0000961622,Balfour Beatty PLC
PNDORA DC Equity,DK0060252690,Pandora A/S
BNZL LN Equity,GB00B0744B38,Bunzl PLC
SFZN SE Equity,CH0014284498,Siegfried Holding AG
CRDA LN Equity,GB00BJFFLV09,Croda International PLC
GALE SE Equity,CH0360674466,Galenica AG
BWY LN Equity,GB0000904986,Bellway PLC
RS1 LN Equity,GB0003096442,RS GROUP PLC
WISE LN Equity,GB00BL9YR756,Wise PLC
DGE LN Equity,GB0002374006,Diageo PLC
HLMA LN Equity,GB0004052071,Halma PLC
TLX GY Equity,DE000TLX1005,Talanx AG
INDUC SS Equity,SE0000107203,Industrivarden AB
HSBA LN Equity,GB0005405286,HSBC Holdings PLC
SCT LN Equity,GB00BYZDVK82,Softcat PLC
IMI LN Equity,GB00BGLP8L22,IMI PLC
ITX SM Equity,ES0148396007,Industria de Diseno Textil SA
HSX LN Equity,BMG4593F1389,Hiscox Ltd
UBI FP Equity,FR0000054470,Ubisoft Entertainment SA
LIGHT NA Equity,NL0011821392,Signify NV
HWDN LN Equity,GB0005576813,Howden Joinery Group PLC
VOD LN Equity,GB00BH4HKS39,Vodafone Group PLC
UU/ LN Equity,GB00B39J2M42,United Utilities Group PLC
BCP PL Equity,PTBCP0AM0015,Banco Comercial Portugues SA
BARC LN Equity,GB0031348658,Barclays PLC
RTO LN Equity,GB00B082RF11,Rentokil Initial PLC
NWG LN Equity,GB00BM8PJY71,NatWest Group PLC
CRH LN Equity,IE0001827041,CRH PLC
GMAB DC Equity,DK0010272202,Genmab A/S
SGRO LN Equity,GB00B5ZN1N88,Segro PLC
TATE LN Equity,GB00BP92CJ43,Tate & Lyle PLC
SBRY LN Equity,GB00B019KW72,J Sainsbury PLC
JD/ LN Equity,GB00BM8Q5M07,JD Sports Fashion PLC
GLE FP Equity,FR0000130809,Societe Generale SA
SDR LN Equity,GB00BP9LHF23,Schroders PLC
ENR GY Equity,DE000ENER6Y0,Siemens Energy AG
SRP LN Equity,GB0007973794,Serco Group PLC
BKT SQ Equity,ES0113679I37,Bankinter SA
HFG GY Equity,DE000A161408,HelloFresh SE
TE FP Equity,NL0014559478,Technip Energies NV
LDO IM Equity,IT0003856405,Leonardo SpA
SMIN LN Equity,GB00B1WY2338,Smiths Group PLC
PNN LN Equity,GB00BNNTLN49,Pennon Group PLC
GFTU LN Equity,IE00B00MZ448,Grafton Group PLC
STAN LN Equity,GB0004082847,Standard Chartered PLC
TSCO LN Equity,GB00BLGZ9862,Tesco PLC
SGE LN Equity,GB00B8C3BL03,Sage Group PLC/The
STERV FH Equity,FI0009005961,Stora Enso Oyj
ABDN LN Equity,GB00BF8Q6K64,abrdn plc
TPK LN Equity,GB00BK9RKT01,Travis Perkins PLC
LLOY LN Equity,GB0008706128,Lloyds Banking Group PLC
SAB SQ Equity,ES0113860A34,Banco de Sabadell SA
VWS DC Equity,DK0061539921,Vestas Wind Systems A/S
BBVA SM Equity,ES0113211835,Banco Bilbao Vizcaya Argentaria SA
SAN SM Equity,ES0113900J37,Banco Santander SA
BZU IM Equity,IT0001347308,Buzzi SpA
FLTR LN Equity,IE00BWT6H894,Flutter Entertainment PLC
TMV GY Equity,DE000A2YN900,TeamViewer SE
BYG LN Equity,GB0002869419,Big Yellow Group PLC
DLG LN Equity,GB00BY9D0Y18,Direct Line Insurance Group PLC
ACA FP Equity,FR0000045072,Credit Agricole SA
QQ/ LN Equity,GB00B0WMWD03,QinetiQ Group PLC
MRO LN Equity,GB00BNGDN821,Melrose Industries PLC
DPLM LN Equity,GB0001826634,Diploma PLC
BAMI IM Equity,IT0005218380,Banco BPM SpA
RBI AV Equity,AT0000606306,Raiffeisen Bank International AG
GRG LN Equity,GB00B63QSB39,Greggs PLC
LATOB SS Equity,SE0010100958,Investment AB Latour
IAG LN Equity,ES0177542018,International Consolidated Airlines Group SA
GRF SQ Equity,ES0171996087,Grifols SA
BP/ LN Equity,GB0007980591,BP PLC
BT/A LN Equity,GB0030913577,BT Group PLC
NN NA Equity,NL0010773842,NN Group NV
VNA GY Equity,DE000A1ML7J1,Vonovia SE
KBX GY Equity,DE000KBX1006,Knorr-Bremse AG
FDJ FP Equity,FR0013451333,La Francaise des Jeux SAEM
AV/ LN Equity,GB00BPQY8M80,Aviva PLC
LGEN LN Equity,GB0005603997,Legal & General Group PLC
PRU LN Equity,GB0007099541,Prudential PLC
ANTO LN Equity,GB0000456144,Antofagasta PLC
SXS LN Equity,GB0003308607,Spectris PLC
SSE LN Equity,GB0007908733,SSE PLC
WEIR LN Equity,GB0009465807,Weir Group PLC/The
MONC IM Equity,IT0004965148,Moncler SpA
OR FP Equity,FR0000120321,L'Oreal SA
DG FP Equity,FR0000125486,Vinci SA
ATCOA SS Equity,SE0017486889,Atlas Copco AB
EMSN SE Equity,CH0016440353,EMS-Chemie Holding AG
VOLVB SS Equity,SE0000115446,Volvo AB
1COV GY Equity,DE0006062144,Covestro AG
CCC LN Equity,GB00BV9FP302,Computacenter PLC
INDV LN Equity,GB00BN4HT335,Indivior PLC
BUCN SE Equity,CH0002432174,Bucher Industries AG
LMP LN Equity,GB00B4WFW713,LondonMetric Property PLC
TIGO SS Equity,SE0001174970,Millicom International Cellular SA
IDS LN Equity,GB00BDVZYZ77,International Distribution Services PLC
ASML NA Equity,NL0010273215,ASML Holding NV
BALDB SS Equity,SE0017832488,Fastighets AB Balder
WIHL SS Equity,SE0018012635,Wihlborgs Fastigheter AB
TEL2B SS Equity,SE0005190238,Tele2 AB
DSY FP Equity,FR0014003TT8,Dassault Systemes SE
SOP FP Equity,FR0000050809,Sopra Steria Group
SAABB SS Equity,SE0021921269,Saab AB
CGCBV FH Equity,FI0009013429,Cargotec Oyj
ANDR AV Equity,AT0000730007,ANDRITZ AG
LUNDB SS Equity,SE0000108847,L E Lundbergforetagen AB
SRT3 GY Equity,DE0007165631,Sartorius AG
CCH LN Equity,CH0198251305,Coca-Cola HBC AG
METSO FH Equity,FI0009014575,Metso Oyj
EDEN FP Equity,FR0010908533,Edenred SE
PRY IM Equity,IT0004176001,Prysmian SpA
NKT DC Equity,DK0010287663,NKT A/S
AMS SQ Equity,ES0109067019,Amadeus IT Group SA
HLN LN Equity,GB00BMX86B70,Haleon PLC
HAS LN Equity,GB0004161021,Hays PLC
SPX LN Equity,GB00BWFGQN14,Spirax-Sarco Engineering PLC
FPE3 GY Equity,DE000A3E5D64,FUCHS SE
EQNR NO Equity,NO0010096985,Equinor ASA
RYA ID Equity,IE00BYTBXV33,Ryanair Holdings PLC
ELIS FP Equity,FR0012435121,Elis SA
AENA SQ Equity,ES0105046009,Aena SME SA
WRT1V FH Equity,FI0009003727,Wartsila OYJ Abp
OMV AV Equity,AT0000743059,OMV AG
LAGRB SS Equity,SE0014990966,Lagercrantz Group AB
SKAB SS Equity,SE0000113250,Skanska AB
DKSH SE Equity,CH0126673539,DKSH Holding AG
UMI BB Equity,BE0974320526,Umicore SA
AZA SS Equity,SE0012454072,Avanza Bank Holding AB
DSV DC Equity,DK0060079531,DSV A/S
JMT PL Equity,PTJMT0AE0001,Jeronimo Martins SGPS SA
UMG NA Equity,NL0015000IY2,Universal Music Group NV
SSABB SS Equity,SE0000120669,SSAB AB
KCR FH Equity,FI0009005870,Konecranes Oyj
CLNX SQ Equity,ES0105066007,Cellnex Telecom SA
PRX NA Equity,NL0013654783,Prosus NV
STMN SE Equity,CH1175448666,Straumann Holding AG
NSISB DC Equity,DK0060336014,Novonesis (Novozymes) B
TEMN SE Equity,CH0012453913,Temenos AG
IGG LN Equity,GB00B06QFB75,IG Group Holdings PLC
KNEBV FH Equity,FI0009013403,Kone Oyj
BLND LN Equity,GB0001367019,British Land Co PLC/The
DLN LN Equity,GB0002652740,Derwent London PLC
NOVOB DC Equity,DK0062498333,Novo Nordisk A/S
TOM NO Equity,NO0012470089,TOMRA Systems ASA
JMAT LN Equity,GB00BZ4BQC70,Johnson Matthey PLC
RKT LN Equity,GB00B24CGK77,Reckitt Benckiser Group PLC
LAND LN Equity,GB00BYW0PQ60,Land Securities Group PLC
RR/ LN Equity,GB00B63H8491,Rolls-Royce Holdings PLC
WCH GY Equity,DE000WCH8881,Wacker Chemie AG
TEG GY Equity,DE0008303504,TAG Immobilien AG
ALFA SS Equity,SE0000695876,Alfa Laval AB
BVI FP Equity,FR0006174348,Bureau Veritas SA
ASM NA Equity,NL0000334118,ASM International NV
DIM FP Equity,FR0013154002,Sartorius Stedim Biotech
ROR LN Equity,GB00BVFNZH21,Rotork PLC
RUI FP Equity,FR0013269123,Rubis SCA
HOT GY Equity,DE0006070006,HOCHTIEF AG
SAVE SS Equity,SE0015192067,Nordnet AB publ
CMBN SE Equity,CH0225173167,Cembra Money Bank AG
GF SE Equity,CH1169151003,Georg Fischer AG
CNA LN Equity,GB00B033F229,Centrica PLC
ARGX BB Equity,NL0010832176,Argenx SE
ERICB SS Equity,SE0000108656,Telefonaktiebolaget LM Ericsson
CAST SS Equity,SE0000379190,Castellum AB
JDEP NA Equity,NL0014332678,JDE Peet's NV
AIXA GY Equity,DE000A0WMPJ6,AIXTRON SE
SKFB SS Equity,SE0000108227,SKF AB
SYENS BB Equity,BE0974464977,Syensqo SA
SAND SS Equity,SE0000667891,Sandvik AB
BESI NA Equity,NL0012866412,BE Semiconductor Industries NV
STB NO Equity,NO0003053605,Storebrand ASA
TRELB SS Equity,SE0000114837,Trelleborg AB
SECUB SS Equity,SE0000163594,Securitas AB
DRX LN Equity,GB00B1VNSX38,Drax Group PLC
NDA FH Equity,FI4000297767,Nordea Bank Abp
INVEB SS Equity,SE0015811963,Investor AB
ASRNL NA Equity,NL0011872643,ASR Nederland NV
AALB NA Equity,NL0000852564,Aalberts NV
RAA GY Equity,DE0007010803,Rational AG
DIE BB Equity,BE0974259880,D'ieteren Group
PKO PW Equity,PLPKO0000016,Powszechna Kasa Oszczednosci Bank Polski SA
EN FP Equity,FR0000120503,Bouygues SA
AKZA NA Equity,NL0013267909,Akzo Nobel NV
MNG LN Equity,GB00BKFB1C65,M&G PLC
ALO FP Equity,FR0010220475,Alstom SA
SEBA SS Equity,SE0000148884,Skandinaviska Enskilda Banken AB
ISS DC Equity,DK0060542181,ISS A/S
SHBA SS Equity,SE0007100599,Svenska Handelsbanken AB
NHY NO Equity,NO0005052605,Norsk Hydro ASA
BA/ LN Equity,GB0002634946,BAE Systems PLC
HEM SS Equity,SE0015671995,Hemnet Group AB
DANSKE DC Equity,DK0010274414,Danske Bank A/S
HEIA NA Equity,NL0000009165,Heineken NV
SCAB SS Equity,SE0000112724,Svenska Cellulosa AB SCA
LOGN SE Equity,CH0025751329,Logitech International SA
NOKIA FH Equity,FI0009000681,Nokia Oyj
LIFCOB SS Equity,SE0015949201,Lifco AB
ASSAB SS Equity,SE0007100581,Assa Abloy AB
SIKA SE Equity,CH0418792922,Sika AG
BCVN SE Equity,CH0531751755,Banque Cantonale Vaudoise
AVOL SE Equity,CH0023405456,Avolta AG
MNDI LN Equity,GB00BMWC6P49,Mondi PLC
ABBN SE Equity,CH0012221716,ABB Ltd
SU FP Equity,FR0000121972,Schneider Electric SE
ADEN SE Equity,CH0012138605,Adecco Group AG
ORK NO Equity,NO0003733800,Orkla ASA
HUH1V FH Equity,FI0009000459,Huhtamaki Oyj
BAER SE Equity,CH0102484968,Julius Baer Group Ltd
BALN SE Equity,CH0012410517,Baloise Holding AG
SUBC NO Equity,LU0075646355,Subsea 7 SA
NESTE FH Equity,FI0009013296,Neste Oyj
CFR SE Equity,CH0210483332,Cie Financiere Richemont SA
ROCKB DC Equity,DK0010219153,ROCKWOOL A/S
KGH PW Equity,PLKGHM000017,KGHM Polska Miedz SA
CLN SE Equity,CH0012142631,Clariant AG
HEXAB SS Equity,SE0015961909,Hexagon AB
KSP ID Equity,IE0004927939,Kingspan Group PLC
GEBN SE Equity,CH0030170408,Geberit AG
AIR FP Equity,NL0000235190,Airbus SE
PGHN SE Equity,CH0024608827,Partners Group Holding AG
GIVN SE Equity,CH0010645932,Givaudan SA
GET FP Equity,FR0010533075,Getlink SE
KNIN SE Equity,CH0025238863,Kuehne + Nagel International AG
BEIJB SS Equity,SE0015949748,Beijer Ref AB
SWEDA SS Equity,SE0000242455,Swedbank AB
SMDS LN Equity,GB0008220112,DS Smith PLC
HOLN SE Equity,CH0012214059,Holcim AG
TIETO FH Equity,FI0009000277,TietoEVRY Oyj
LONN SE Equity,CH0013841017,Lonza Group AG
WALLB SS Equity,SE0017780133,Wallenstam AB
UPM FH Equity,FI0009005987,UPM-Kymmene Oyj
NESN SE Equity,CH0038863350,Nestle SA
FABG SS Equity,SE0011166974,Fabege AB
VTY LN Equity,GB0001859296,Vistry Group PLC
NOVN SE Equity,CH0012005267,Novartis AG
LR FP Equity,FR0010307819,Legrand SA
ROG SE Equity,CH0012032048,Roche Holding AG
SCMN SE Equity,CH0008742519,Swisscom AG
KINVB SS Equity,SE0015810247,Kinnevik AB
SGSN SE Equity,CH1256740924,SGS SA
LEG GY Equity,DE000LEG1110,LEG Immobilien SE
SLHN SE Equity,CH0014852781,Swiss Life Holding AG
MAERSKB DC Equity,DK0010244508,AP Moller - Maersk A/S
UCB BB Equity,BE0003739530,UCB SA
SOON SE Equity,CH0012549785,Sonova Holding AG
SREN SE Equity,CH0126881561,Swiss Re AG
ICG LN Equity,GB00BYT1DJ19,Intermediate Capital Group PLC
UBSG SE Equity,CH0244767585,UBS Group AG
UHR SE Equity,CH0012255151,Swatch Group AG/The
ZURN SE Equity,CH0011075394,Zurich Insurance Group AG
AKE FP Equity,FR0010313833,Arkema SA
VOLCARB SS Equity,SE0021628898,Volvo Car AB
SCHP SE Equity,CH0024638196,Schindler Holding AG
III LN Equity,GB00B1YW4409,3i Group PLC
SVT LN Equity,GB00B1FH8J72,Severn Trent PLC
RBREW DC Equity,DK0060634707,Royal Unibrew A/S
BANB SE Equity,CH1176493729,Bachem Holding AG
RI FP Equity,FR0000120693,Pernod Ricard SA
COFB BB Equity,BE0003593044,Cofinimmo SA
RCO FP Equity,FR0000130395,Remy Cointreau SA
TIT IM Equity,IT0003497168,Telecom Italia SpA/Milano
NDA GY Equity,DE0006766504,Aurubis AG
HOLMB SS Equity,SE0011090018,Holmen AB
AMP IM Equity,IT0004056880,Amplifon SpA
HELN SE Equity,CH0466642201,Helvetia Holding AG
FHZN SE Equity,CH0319416936,Flughafen Zurich AG
SFSN SE Equity,CH0239229302,SFS Group AG
GLEN LN Equity,JE00B4T3BW64,Glencore PLC
PEO PW Equity,PLPEKAO00016,Bank Polska Kasa Opieki SA
LISP SE Equity,CH0010570767,Chocoladefabriken Lindt & Spruengli AG
